year,malaria_cases_per_1000,cholera_cases,cholera_deaths,cholera_cfr_percent
2010,215,0.0,0.0,0.0
2011,220,0.0,0.0,0.0
2012,210,0.0,0.0,0.0
2013,200,0.0,0.0,0.0
2014,198,0.0,0.0,0.0
2015,190,5000.0,95.0,1.9
2016,185,3000.0,60.0,2.0
2017,180,7000.0,150.0,2.142857142857143
2018,175,4500.0,100.0,2.2222222222222223
2019,170,5200.0,110.0,2.1153846153846154
2020,165,6000.0,130.0,2.166666666666667
