year,predicted_malaria_incidence
2021,158.47272727272866
2022,152.9454545454555
2023,147.41818181818235
2024,141.8909090909092
2025,136.36363636363785
